{"domain":null,"_events":{},"_eventsCount":3,"level":1,"critChance":0.12088996496430318,"critMult":3.326321615369392,"toughness":1.3146154449847787,"atkPower":1.283037696134705,"accumulatedDamage":0,"accumulatedExp":0,"str":1,"mgk":1,"acc":1,"maxHealth":13}